layers,neurons,activation,optimizer,loss,val_loss
3,16,relu,adam,mse,0.02055943012237549
3,16,relu,rmsprop,mse,0.022192833945155144
3,16,relu,adam,mae,0.02408895269036293
3,16,tanh,rmsprop,mse,0.02524256519973278
2,16,relu,sgd,mse,0.032097652554512024
3,8,tanh,sgd,mse,0.03294427692890167
3,16,tanh,adam,mse,0.034606847912073135
2,8,tanh,sgd,mse,0.034831978380680084
3,16,relu,sgd,mse,0.037851765751838684
3,4,tanh,sgd,mse,0.03791086748242378
3,4,relu,sgd,mse,0.03988327458500862
3,16,tanh,sgd,mse,0.041774921119213104
2,16,relu,adam,mae,0.04245949164032936
2,16,tanh,sgd,mse,0.044217273592948914
3,8,relu,sgd,mse,0.04530210420489311
2,16,tanh,rmsprop,mse,0.05404102802276611
3,8,tanh,adam,mse,0.06607768684625626
2,4,tanh,sgd,mse,0.06894420832395554
2,8,relu,sgd,mse,0.07424531131982803
2,4,relu,sgd,mse,0.08688001334667206
3,16,relu,rmsprop,mae,0.0899113118648529
3,16,tanh,rmsprop,mae,0.09161710739135742
3,8,tanh,rmsprop,mae,0.09314092993736267
2,16,relu,rmsprop,mse,0.1000080555677414
3,16,tanh,adam,mae,0.10644201189279556
2,8,relu,adam,mae,0.1302751749753952
2,16,tanh,adam,mse,0.14261281490325928
2,16,relu,rmsprop,mae,0.14696107804775238
2,8,tanh,rmsprop,mae,0.1469883769750595
3,8,relu,sgd,mae,0.14779208600521088
3,8,tanh,rmsprop,mse,0.16863277554512024
2,16,tanh,adam,mae,0.17315742373466492
2,16,tanh,rmsprop,mae,0.17916446924209595
3,8,relu,rmsprop,mse,0.18726226687431335
3,8,tanh,adam,mae,0.1919499933719635
3,16,relu,sgd,mae,0.1929367482662201
3,8,tanh,sgd,mae,0.20335395634174347
3,8,relu,adam,mae,0.2191440463066101
2,16,relu,adam,mse,0.22702065110206604
1,16,relu,sgd,mse,0.23042482137680054
3,16,tanh,sgd,mae,0.2429654747247696
3,8,relu,rmsprop,mae,0.25220951437950134
2,8,tanh,adam,mae,0.2600952088832855
2,8,relu,rmsprop,mse,0.27403053641319275
2,8,tanh,sgd,mae,0.27521952986717224
2,16,tanh,sgd,mae,0.2761648893356323
1,4,tanh,sgd,mse,0.3122909665107727
2,4,tanh,sgd,mae,0.33256077766418457
3,4,relu,sgd,mae,0.3351530134677887
2,8,tanh,adam,mse,0.33617663383483887
3,4,tanh,rmsprop,mse,0.3633497655391693
3,4,tanh,rmsprop,mae,0.39136216044425964
2,4,tanh,adam,mae,0.3982515335083008
3,4,tanh,adam,mae,0.4042932391166687
1,8,tanh,sgd,mse,0.410319983959198
2,4,tanh,adam,mse,0.4130624830722809
3,4,tanh,sgd,mae,0.4211587607860565
3,8,relu,adam,mse,0.4391413629055023
2,8,tanh,rmsprop,mse,0.44463279843330383
2,8,relu,sgd,mae,0.4537665545940399
2,8,relu,rmsprop,mae,0.45670291781425476
1,8,tanh,sgd,mae,0.47287073731422424
2,4,tanh,rmsprop,mae,0.47957026958465576
3,4,tanh,adam,mse,0.48017582297325134
2,4,tanh,rmsprop,mse,0.4942399859428406
2,16,relu,sgd,mae,0.4996223449707031
2,4,relu,sgd,mae,0.5007274746894836
1,16,relu,rmsprop,mae,0.5132393836975098
1,8,tanh,rmsprop,mse,0.5282236337661743
3,4,relu,adam,mae,0.5347290635108948
1,8,relu,sgd,mse,0.547075092792511
1,8,relu,rmsprop,mse,0.5534863471984863
3,4,relu,adam,mse,0.5562745928764343
1,16,tanh,adam,mse,0.5618727207183838
1,16,relu,adam,mae,0.5630080699920654
1,4,tanh,sgd,mae,0.566872775554657
1,16,tanh,rmsprop,mse,0.5697835683822632
1,8,tanh,adam,mse,0.5724858641624451
2,8,relu,adam,mse,0.5749040842056274
1,4,tanh,rmsprop,mse,0.5792679786682129
1,16,tanh,sgd,mse,0.5812392830848694
2,4,relu,rmsprop,mae,0.5860530734062195
1,8,tanh,rmsprop,mae,0.588661253452301
1,8,tanh,adam,mae,0.5918239951133728
1,16,tanh,sgd,mae,0.5924296379089355
1,16,tanh,adam,mae,0.5928046703338623
1,8,relu,sgd,mae,0.6005033254623413
1,16,tanh,rmsprop,mae,0.6073523759841919
1,4,tanh,adam,mae,0.6159403920173645
1,16,relu,sgd,mae,0.6373923420906067
1,4,tanh,adam,mse,0.6398482322692871
1,16,relu,rmsprop,mse,0.6488205194473267
1,8,relu,adam,mae,0.6543278694152832
1,16,relu,adam,mse,0.6581562757492065
1,4,tanh,rmsprop,mae,0.678486704826355
2,4,relu,adam,mae,0.6892215013504028
2,16,sigmoid,rmsprop,mse,0.689289391040802
2,16,sigmoid,adam,mae,0.6985690593719482
2,16,sigmoid,rmsprop,mae,0.7028669714927673
3,16,linear,sgd,mae,0.7061200737953186
3,4,linear,sgd,mae,0.7088755965232849
3,8,linear,adam,mae,0.709669291973114
3,4,linear,adam,mae,0.7116172909736633
2,16,linear,adam,mae,0.7128698825836182
3,4,linear,rmsprop,mae,0.7130086421966553
2,4,linear,sgd,mae,0.7130480408668518
2,8,linear,adam,mae,0.7133774757385254
1,16,linear,adam,mae,0.7142093181610107
1,8,relu,adam,mse,0.7148435711860657
2,8,linear,rmsprop,mae,0.7149628400802612
1,16,linear,sgd,mae,0.715065598487854
1,4,relu,sgd,mse,0.7152537703514099
3,8,linear,rmsprop,mae,0.7155952453613281
2,4,linear,rmsprop,mae,0.7158808708190918
3,16,linear,rmsprop,mae,0.7161617875099182
2,8,linear,sgd,mae,0.7162153720855713
1,8,sigmoid,sgd,mae,0.7165023684501648
1,16,linear,rmsprop,mae,0.717007577419281
1,8,linear,adam,mae,0.717207670211792
2,4,linear,adam,mae,0.7173225283622742
1,8,linear,rmsprop,mae,0.7181527614593506
2,16,linear,sgd,mae,0.719108521938324
3,16,linear,adam,mae,0.7202453017234802
1,4,sigmoid,sgd,mae,0.7202730774879456
1,4,linear,sgd,mae,0.7210750579833984
1,8,linear,sgd,mae,0.7214863300323486
1,16,sigmoid,adam,mae,0.7272251844406128
1,16,sigmoid,adam,mse,0.7294579148292542
2,16,linear,rmsprop,mae,0.730292558670044
1,8,sigmoid,adam,mse,0.7348129153251648
1,8,sigmoid,sgd,mse,0.7360586524009705
3,16,sigmoid,rmsprop,mse,0.7380804419517517
1,16,sigmoid,rmsprop,mse,0.7388918995857239
1,4,sigmoid,sgd,mse,0.7403087019920349
1,4,relu,adam,mae,0.7412112355232239
3,4,relu,rmsprop,mse,0.7416401505470276
1,4,relu,sgd,mae,0.742824375629425
2,8,sigmoid,rmsprop,mse,0.7441509962081909
3,8,linear,sgd,mae,0.7444502115249634
1,4,linear,rmsprop,mae,0.7494294047355652
1,16,sigmoid,sgd,mae,0.7558853626251221
3,8,linear,sgd,mse,0.7594446539878845
1,4,linear,adam,mse,0.7617480754852295
3,8,linear,rmsprop,mse,0.7639142870903015
2,16,linear,sgd,mse,0.764821469783783
1,16,sigmoid,sgd,mse,0.7656617760658264
2,8,linear,sgd,mse,0.7677961587905884
3,16,linear,adam,mse,0.7680949568748474
3,16,sigmoid,adam,mse,0.7724260091781616
2,16,sigmoid,adam,mse,0.7754637002944946
1,8,sigmoid,rmsprop,mae,0.7760306596755981
3,4,linear,adam,mse,0.7774410843849182
1,4,linear,adam,mae,0.7774838209152222
1,8,sigmoid,adam,mae,0.7786576747894287
2,16,linear,rmsprop,mse,0.7794122099876404
1,4,linear,rmsprop,mse,0.7805748581886292
1,8,linear,adam,mse,0.7810564637184143
1,16,linear,rmsprop,mse,0.7810778617858887
1,16,linear,adam,mse,0.7815346717834473
1,8,linear,sgd,mse,0.782141923904419
1,16,sigmoid,rmsprop,mae,0.7825213670730591
3,4,linear,sgd,mse,0.7826169729232788
2,8,linear,rmsprop,mse,0.7828083634376526
2,4,linear,rmsprop,mse,0.7829879522323608
1,4,linear,sgd,mse,0.7839412093162537
2,16,linear,adam,mse,0.7847368717193604
2,4,linear,sgd,mse,0.7856321930885315
1,16,linear,sgd,mse,0.7879816293716431
1,8,linear,rmsprop,mse,0.7886403799057007
2,4,linear,adam,mse,0.7887707352638245
2,8,linear,adam,mse,0.790219247341156
3,16,linear,rmsprop,mse,0.7917283773422241
3,4,linear,rmsprop,mse,0.7957562208175659
3,8,linear,adam,mse,0.7978236675262451
3,16,sigmoid,rmsprop,mae,0.7988154888153076
3,16,linear,sgd,mse,0.8008720278739929
1,8,relu,rmsprop,mae,0.8145334124565125
1,4,relu,rmsprop,mae,0.8266724944114685
2,4,sigmoid,rmsprop,mae,0.8413903713226318
3,16,sigmoid,adam,mae,0.8506835699081421
2,16,sigmoid,sgd,mse,0.852389395236969
1,4,sigmoid,adam,mae,0.8673036098480225
2,8,sigmoid,rmsprop,mae,0.869426965713501
2,8,sigmoid,adam,mae,0.873522162437439
2,8,sigmoid,sgd,mae,0.8770439028739929
2,4,relu,adam,mse,0.8770490884780884
1,4,sigmoid,rmsprop,mae,0.8879083395004272
1,4,relu,rmsprop,mse,0.8908811807632446
3,8,sigmoid,adam,mae,0.8987377285957336
2,4,sigmoid,rmsprop,mse,0.8994362354278564
2,16,sigmoid,sgd,mae,0.908064603805542
3,4,relu,rmsprop,mae,0.908673107624054
2,4,relu,rmsprop,mse,0.9093194603919983
2,4,sigmoid,sgd,mae,0.9146125912666321
3,4,sigmoid,adam,mae,0.9195742607116699
3,8,sigmoid,sgd,mae,0.9280580282211304
3,8,sigmoid,rmsprop,mae,0.9303550720214844
3,4,sigmoid,sgd,mae,0.9328814148902893
3,16,sigmoid,sgd,mae,0.9336597919464111
2,8,sigmoid,sgd,mse,0.9543920159339905
2,4,sigmoid,sgd,mse,0.9547939896583557
1,8,sigmoid,rmsprop,mse,0.9690478444099426
3,8,sigmoid,rmsprop,mse,0.9830314517021179
3,8,sigmoid,adam,mse,1.0323179960250854
3,16,sigmoid,sgd,mse,1.0412338972091675
3,8,sigmoid,sgd,mse,1.0619794130325317
3,4,sigmoid,sgd,mse,1.064470648765564
2,8,sigmoid,adam,mse,1.0681346654891968
2,4,sigmoid,adam,mae,1.1377414464950562
3,4,sigmoid,rmsprop,mse,1.211961269378662
1,4,sigmoid,rmsprop,mse,1.2669227123260498
1,4,relu,adam,mse,1.3235383033752441
1,4,sigmoid,adam,mse,1.8782380819320679
2,4,sigmoid,adam,mse,2.221487045288086
3,4,sigmoid,adam,mse,2.525867223739624
3,4,sigmoid,rmsprop,mae,2.551668643951416
